<?xml version="1.0" encoding="UTF-8"?>
<project-private xmlns="http://www.netbeans.org/ns/project-private/1">
    <editor-bookmarks xmlns="http://www.netbeans.org/ns/editor-bookmarks/2" lastBookmarkId="0"/>
    <open-files xmlns="http://www.netbeans.org/ns/projectui-open-files/2">
        <group>
            <file>file:/F:/wamp/www/codedemo/application/views/home.php</file>
            <file>file:/F:/wamp/www/codedemo/application/config/autoload.php</file>
            <file>file:/F:/wamp/www/codedemo/application/views/header.php</file>
            <file>file:/F:/wamp/www/codedemo/application/controllers/AdminController.php</file>
            <file>file:/F:/wamp/www/codedemo/application/models/AdminModel.php</file>
            <file>file:/F:/wamp/www/codedemo/application/views/admin/footer.php</file>
            <file>file:/F:/wamp/www/codedemo/application/views/admin/products.php</file>
            <file>file:/F:/wamp/www/codedemo/application/views/admin/modal.php</file>
        </group>
    </open-files>
</project-private>
